Name,Address,Day,Notes
Novotel Paris Centre Tour Eiffel,"61 Quai de Grenelle, 75015 Paris, France",Sat 29 Aug - Mon 31 Aug,Hotel base in Paris. Check-in Sat 29 Aug from 15:00, checkout Mon 31 Aug 12:00.
Eurotunnel Folkestone Terminal,"Ashford Road, Folkestone, Kent CT18 8XX, UK",Sat 29 Aug,LeShuttle departure - UK side. Booking ref 23963150.
Eurotunnel Calais/Coquelles Terminal,"Calais, France",Fri 4 Sep,LeShuttle return crossing - France side. Booking ref 23963150.
Vedettes de Paris (Seine cruise),"2 Port de Suffren, 75007 Paris, France",Sun 30 Aug,Family cruise - board 11:10, departs 11:30. Booking ref GNEE27YN.
Eiffel Tower,"Champ de Mars, 5 Avenue Anatole France, 75007 Paris, France",Sun 30 Aug,Optional timed entry - base and gardens free to wander.
Trocadero Gardens,"Place du Trocadero, 75016 Paris, France",Sun 30 Aug,Classic photo view across the Seine.
Champ de Mars,"2 Allee Adrienne Lecouvreur, 75007 Paris, France",Sun 30 Aug,Picnic lawn under the tower.
Musee du quai Branly,"37 Quai Branly, 75007 Paris, France",Sun 30 Aug,Free gardens, a few minutes from the hotel.
Villages Nature Paris (Center Parcs),"Bailly-Romainvilliers, 77700, France",Mon 31 Aug - Fri 4 Sep,Resort. Check-in Mon 31 Aug from 16:00, checkout Fri 4 Sep before 10:00. Reservation n. 2545790.
Disneyland Paris,"Boulevard de Parc, 77700 Marne-la-Vallee, France",Tue 1 Sep,Disney Adventure World - 1-day 1-park ticket, 08:30-21:00.
